official_id,match_status,nbra_name,name_source,jersey_num,years_experience,college,hometown,birth_date,bio_url,headshot_url,extra_fields
ray-acosta,auto,Ray Acosta,link-text,54,9th season,University of Central Florida '07,,"December 12, 1983 (Elizabeth, N.J.)",https://www.nbra.net/nba-officials/referee-biographies/ray-acosta/,https://www.nbra.net/wp-content/uploads/2018/01/Ray-Acosta-scaled.jpg,"{""resides"": ""Lake Worth, Fla."", ""hs"": ""Lake Worth (Lake Worth, Fla.)"", ""favorite tv show"": ""The Sopranos"", ""favorite movie"": ""Scarface"", ""favorite musician"": ""Michael Jackson"", ""favorite book"": ""Rich Dad Poor Dad"", ""favorite meal"": ""Anything Italian"", ""favorite app"": ""Netflix"", ""would most like to visit"": ""Maldives"", ""bucket list"": ""Be in shark tank surrounded by great white sharks in Australia"", ""hidden talent"": ""Dancing""}"
brandon-adair,auto,Brandon Adair,link-text,67,8th season,Virginia Wesleyan University,,"September 14, 1985 (Norfolk, Va.)",https://www.nbra.net/nba-officials/referee-biographies/brandon-adair/,https://www.nbra.net/wp-content/uploads/2018/10/Brandon-Adair-scaled.jpg,"{""resides"": ""Virginia Beach, Va."", ""high school"": ""Princess Anne (Virginia Beach, Va.)"", ""favorite tv show"": ""The Fresh Prince of Bel-Air"", ""favorite movie"": ""The Pursuit of Happiness"", ""favorite musician"": ""Charlie Wilson"", ""favorite book"": ""David Baldacci books"", ""favorite meal"": ""Surf and Turf"", ""favorite app"": ""TripCase"", ""would most like to visit"": ""Rome"", ""bucket list"": ""Sky Diving""}"
brent-barnaky,auto,Brent Barnaky,link-text,36,16th season,University of Central Florida '97; Shepard Broad College of Law '01,,"May 30, 1975 (Hamilton, Ohio)",https://www.nbra.net/nba-officials/referee-biographies/brent-barnaky/,https://www.nbra.net/wp-content/uploads/2016/05/Brent-Barnaky-scaled.jpg,"{""resides"": ""Clearwater, Fla."", ""hs"": ""Clearwater  (Clearwater, Fla.)"", ""favorite tv show"": ""Ozark"", ""favorite movie"": ""For Love of the Game"", ""favorite musician"": ""Chris Botti"", ""favorite book"": ""Ego Is the Enemy"", ""favorite meal"": ""Chicken Parmesan"", ""favorite app"": ""FaceTime"", ""would most like to visit"": ""Italy"", ""bucket list"": ""Great Barrier Reef Scuba Dive""}"
curtis-blair,auto,Curtis Blair,link-text,74,18th season,University of Richmond ‘92,,"September 24, 1970 (Roanoke, Va.)",https://www.nbra.net/nba-officials/referee-biographies/courtney-kirkland-2/,https://www.nbra.net/wp-content/uploads/2016/05/Curtis-Blair-scaled.jpg,"{""resides"": ""Richmond, Va."", ""high school"": ""Patrick Henry (Roanoke, Va.)"", ""favorite tv show"": ""Dexter"", ""favorite movie"": ""Grease"", ""favorite musician"": ""K-Ci & JoJo"", ""favorite meal"": ""Lamb Curry"", ""would most like to visit"": ""Brazil"", ""hidden talent"": ""Tennis""}"
tony-brothers,auto,Tony Brothers,link-text,25,32nd season,Old Dominion University ’86,,"September 14, 1964 (Norfolk, Va.)",https://www.nbra.net/nba-officials/referee-biographies/tony-brothers/,https://www.nbra.net/wp-content/uploads/2016/05/Tony-Brothers-scaled.jpg,"{""resides"": ""Smithfield, Va."", ""high school"": ""Booker T. Washington (Norfolk, Va.)"", ""favorite tv show"": ""24"", ""favorite movie"": ""Claudine"", ""favorite musician"": ""Earth, Wind & Fire"", ""favorite book"": ""The Bible"", ""favorite meal"": ""Fried Croakers"", ""favorite app"": ""Spotify"", ""would most like to visit"": ""Israel"", ""hidden talent"": ""Cooking""}"
nick-buchert,auto,Nick Buchert,link-text,3,16th season,University of Phoenix,,"April 17, 1983 (Orlando, Fla.)",https://www.nbra.net/nba-officials/referee-biographies/nick-buchert/,https://www.nbra.net/wp-content/uploads/2016/05/Nick-Buchert-scaled-e1704057641423.jpg,"{""resides"": ""Highland Park, Ill."", ""hs"": ""University (Orlando, Fla.)"", ""favorite tv show"": ""Game of Thrones and Walking Dead"", ""favorite movie"": ""Gladiator"", ""favorite musician"": ""David Gray"", ""favorite book"": ""October Sky"", ""favorite meal"": ""Steak"", ""favorite app"": ""Bandsintown"", ""would most like to visit"": ""Rome"", ""bucket list"": ""Attend Super Bowl""}"
john-butler,auto,John Butler,link-text,30,7th Season,Vanguard University,,"August 20, 1986 (Biloxi, Miss.)",https://www.nbra.net/nba-officials/referee-biographies/john-butler/,https://www.nbra.net/wp-content/uploads/2019/10/John-Butler-scaled.jpg,"{""resides"": ""La Mesa, Calif."", ""high school"": ""San Diego (San Diego, Calif)"", ""favorite tv show"": ""Suits"", ""favorite movie"": ""Do the Right Thing"", ""favorite musician"": ""Jay-Z"", ""favorite book"": ""The Four Agreements"", ""favorite meal"": ""Red Beans and Rice"", ""favorite app"": ""The Bible"", ""would most like to visit"": ""Italy and Greece""}"
james-capers,auto,James Capers,link-text,19,31st season,Northern Illinois University ’84,,"November 8, 1961 (Chicago, Ill.)",https://www.nbra.net/nba-officials/referee-biographies/james-capers/,https://www.nbra.net/wp-content/uploads/2016/05/20220919_RPSM_SFR_0298-e1667320970792.jpg,"{""resides"": ""Chicago, Ill."", ""high school"": ""Hales Franciscan (Chicago, Ill.)"", ""favorite tv show"": ""Black-ish"", ""favorite movie"": ""Malcom X"", ""favorite musician"": ""Jill Scott"", ""favorite book"": ""The Shack"", ""favorite meal"": ""Lobster roll on Martha's Vineyard"", ""favorite app"": ""Pandora"", ""bucket list"": ""Attend English Premier League soccer match"", ""hidden talent"": ""Bid Whist""}"
derrick-collins,auto,Derrick Collins,link-text,11,25th season,Xavier University of Louisiana ’88,,"July 15, 1965 (New Orleans, La.)",https://www.nbra.net/nba-officials/referee-biographies/derrick-collins/,https://www.nbra.net/wp-content/uploads/2016/05/20220919_RPSM_SFR_0220-e1667319977721.jpg,"{""resides"": ""Sugar Land, Texas"", ""high school"": ""Brother Martin (New Orleans, La.)"", ""favorite tv show"": ""Martin"", ""favorite movie"": ""Glory"", ""favorite musician"": ""Bob Marley"", ""favorite book"": ""The Bible"", ""favorite meal"": ""Gumbo"", ""would most like to visit"": ""Africa"", ""bucket list"": ""Fly an Airplane""}"
john-conley,auto,John Conley,link-text,79,3rd Season,Central Florida '15,,"October 1,1989 (Orlando, Fla.)",https://www.nbra.net/nba-officials/referee-biographies/john-conley/,https://www.nbra.net/wp-content/uploads/2022/03/20220919_RPSM_SFR_0202-e1667319912230.jpg,"{""resides"": ""Orlando, Fla."", ""high school"": ""Lake Highland Prep (Orlando, Fla.)"", ""favorite tv show"": ""Even Stevens"", ""favorite musician"": ""Michael Jackson"", ""favorite book"": ""Be the Pack Leader"", ""favorite meal"": ""Potatoes and Pasta"", ""favorite movie"": ""Dumb and Dumber"", ""would most like to visit"": ""Australia"", ""bucket list"": ""Skydive in Dubai"", ""hidden talent"": ""Dog training""}"
sean-corbin,auto,Sean Corbin,link-text,33,31st season,Coppin State University ’90,,"March 18, 1966 (Baltimore, Md.)",https://www.nbra.net/nba-officials/referee-biographies/sean-corbin/,https://www.nbra.net/wp-content/uploads/2016/05/20220919_RPSM_SFR_0063-e1667315710823.jpg,"{""resides"": ""Windermere, Fla."", ""high school"": ""Towson Catholic (Towson, Md.)"", ""favorite tv show"": ""CSI: Miami"", ""favorite movie"": ""The Godfather and The Godfather II"", ""favorite musician"": ""Brian Culbertson"", ""favorite book"": ""Quiet Strength"", ""favorite meal"": ""Steak and Lobster"", ""favorite app"": ""News"", ""would most like to visit"": ""Johannesburg"", ""bucket list"": ""Drive cross country in RV"", ""hidden talent"": ""Cooking""}"
kevin-cutler,auto,Kevin Cutler,link-text,34,16th season,Cal State Long Beach ‘99; Cal State Dominguez Hills ‘05,,"August 8, 1968 (Los Angeles, Calif.)",https://www.nbra.net/nba-officials/referee-biographies/kevin-cutler/,https://www.nbra.net/wp-content/uploads/2016/05/20220919_RPSM_SFR_0377-e1667419436763.jpg,"{""resides"": ""Lakewood, Calif."", ""hs"": ""Ganesha (Pomona, Calif.)"", ""favorite tv show"": ""Homicide: Life on the Street"", ""favorite musician"": ""Luther Vandross"", ""favorite book"": ""Uncomfortable Conversations with a Black Man"", ""favorite meal"": ""Chicken"", ""would most like to visit"": ""Africa"", ""bucket list"": ""Play 20 of the Top 100 U.S. golf courses"", ""hidden talent"": ""Playing the Trumpet""}"
mousa-dagher,auto,Mousa Dagher,link-text,28,8th season,Glendale Community College ’13,,"March 4, 1991 (Homs, Syria)",https://www.nbra.net/nba-officials/referee-biographies/mousa-dagher/,https://www.nbra.net/wp-content/uploads/2018/11/20220919_RPSM_SFR_0134-e1667319277920.jpg,"{""resides"": ""Las Vegas, Nev."", ""high school"": ""Burbank (Burbank, Calif.)"", ""favorite tv show"": ""America's Got Talent"", ""favorite movie"": ""Coach Carter"", ""favorite musician"": ""Drake"", ""favorite book"": ""Rich Dad, Poor Dad"", ""favorite meal"": ""Sushi"", ""favorite app"": ""YouTube"", ""would most like to visit"": ""Thailand"", ""bucket list"": ""Explore Europe with wife"", ""hidden talent"": ""Playing the Piano""}"
eric-dalen,auto,Eric Dalen,link-text,37,18th season,University of Minnesota,,"July 12, 1972 (Minnetonka, Minn.)",https://www.nbra.net/nba-officials/referee-biographies/eric-dalen/,https://www.nbra.net/wp-content/uploads/2016/05/20220919_RPSM_SFR_0122-e1667316226924.jpg,"{""resides"": ""Cincinnati, Ohio"", ""high school"": ""Minnetonka (Minnetonka, Minn.)"", ""favorite tv show"": ""NCIS"", ""favorite movie"": ""We Were Soldiers"", ""favorite musician"": ""Zac Brown"", ""favorite meal"": ""Chili"", ""favorite app"": ""Netflix"", ""would most like to visit"": ""Cruise around the world"", ""bucket list"": ""Take a ride in a fighter jet""}"
marc-davis,auto,Marc Davis,link-text,8,28th season,U.S. Naval Academy,,"December 13, 1967 (Chicago, Ill.)",https://www.nbra.net/nba-officials/referee-biographies/marc-davis/,https://www.nbra.net/wp-content/uploads/2016/05/20220919_RPSM_SFR_0165-e1667319416839.jpg,"{""resides"": ""Chicago, Ill."", ""hs"": ""St. Ignatius Prep. (Chicago, Ill.)"", ""favorite tv show"": ""The Wire"", ""favorite movie"": ""Glory"", ""favorite musician"": ""John Coltrane"", ""favorite book"": ""Lonesome Dove"", ""favorite meal"": ""Pancakes"", ""favorite app"": ""Cisco AnyConnect"", ""would most like to visit"": ""Venice"", ""bucket list"": ""Fly a helicopter along the Chicago River""}"
jb-derosa,auto,JB DeRosa,link-text,22,9th season,Malone University '13,,"April 14, 1991 (Paducah, Ky.)",https://www.nbra.net/nba-officials/referee-biographies/jb-derosa/,https://www.nbra.net/wp-content/uploads/2018/01/20220919_RPSM_SFR_0357-e1667417455496.jpg,"{""resides"": ""Canton, Ohio"", ""high school"": ""Glen Oak (Canton, Ohio)"", ""favorite tv show"": ""The Big Bang Theory"", ""favorite movie"": ""Kingsman Series"", ""favorite musician"": ""Kenny Chesney"", ""favorite meal"": ""Salmon and Risotto"", ""would most like to visit"": ""Jost Van Dyke in British Virgin Islands"", ""bucket list"": ""Play golf at Pebble Beach"", ""hidden talent"": ""Cooking""}"
mitchell-ervin,auto,Mitchell Ervin,link-text,27,11th season,University of New Orleans '02,,"November 20, 1979 (New Orleans, La.)",https://www.nbra.net/nba-officials/referee-biographies/mitchell-ervin/,https://www.nbra.net/wp-content/uploads/2016/10/20220919_RPSM_SFR_0504-e1667419662462.jpg,"{""resides"": ""New Orleans, La."", ""hs"": ""Eleanor McMain (New Orleans, La.)"", ""favorite tv show"": ""Power"", ""favorite movie"": ""Coming to America"", ""favorite musician"": ""Drake"", ""favorite book"": ""Between the World and Me"", ""favorite meal"": ""Chargrilled Oysters"", ""favorite app"": ""TikTok"", ""would most like to visit"": ""Dubai"", ""bucket list"": ""Sky Diving""}"
che-flores,auto,Che Flores,link-text,91,4th season,Cal State Northridge ’03,,"July 18, 1979 (Los Angeles, Calif.)",https://www.nbra.net/nba-officials/referee-biographies/cheryl-flores/,https://www.nbra.net/wp-content/uploads/2022/10/20220919_RPSM_SFR_0620-e1666107104365.jpg,"{""resides"": ""Los Angeles, Calif."", ""hs"": ""Bellarmine-Jefferson (Burbank, Calif.)"", ""favorite tv show"": ""Game of Thrones"", ""favorite movie"": ""Pee-wee's Big Adventure"", ""favorite musician"": ""James Blake"", ""favorite book"": ""The Mindful Athlete"", ""favorite meal"": ""Cherry pie"", ""favorite app"": ""Ten Percent Happier"", ""would most like to visit"": ""Outer space"", ""bucket list"": ""Learn to play piano""}"
tyler-ford,auto,Tyler Ford,link-text,39,11th season,Ball State University '07; M.A. '09,,"June 8, 1985 (Lima, Ohio)",https://www.nbra.net/nba-officials/referee-biographies/tyler-ford/,https://www.nbra.net/wp-content/uploads/2016/10/20220919_RPSM_SFR_0573-e1667421290562.jpg,"{""resides"": ""Lafayette, Ind."", ""high school"": ""Allen East (Lafayette, Ohio)"", ""favorite tv show"": ""Yellowstone"", ""favorite movie"": ""Remember the Titans"", ""favorite musician"": ""Old Dominion"", ""favorite book"": ""Power of a Positive Team"", ""favorite meal"": ""Steak"", ""favorite app"": ""Netflix"", ""would most like to visit"": ""Ireland"", ""bucket list"": ""Play golf at Augusta National""}"
brian-forte,auto,Brian Forte,link-text,45,19th season,Furman University ‘99,,"August 18, 1975 (Fairfax, Va.)",https://www.nbra.net/nba-officials/referee-biographies/brian-forte/,https://www.nbra.net/wp-content/uploads/2016/05/20220919_RPSM_SFR_0560-e1667420397533.jpg,"{""resides"": ""Smyrna, Ga."", ""high school"": ""Westminster (Atlanta, Ga.)"", ""favorite tv show"": ""Breaking Bad"", ""favorite movie"": ""The Godfather Part II"", ""favorite book"": ""The Count of Monte Cristo"", ""favorite meal"": ""Sushi"", ""favorite app"": ""Netflix"", ""would most like to visit"": ""Spain""}"
scott-foster,auto,Scott Foster,link-text,48,32nd season,University of Maryland ’93,,"April 8, 1967 (Silver Spring, Md.)",https://www.nbra.net/nba-officials/referee-biographies/scott-foster/,https://www.nbra.net/wp-content/uploads/2016/05/20220919_RPSM_SFR_0514-e1667419882615.jpg,"{""resides"": ""Woodbine, Md."", ""high school"": ""Magruder (Rockville, Md.)"", ""favorite tv show"": ""Shameless and Ozark"", ""favorite movie"": ""Braveheart"", ""favorite musician"": ""Michael Franti & Spearhead"", ""favorite book"": ""Golf Is Not a Game of Perfect"", ""favorite meal"": ""Maryland Blue Crabs and Corn on the Cob"", ""favorite app"": ""PGA Tour Live"", ""would most like to visit"": ""Italy"", ""bucket list"": ""Win gold at the U.S. Open Pickleball Championships"", ""hidden talent"": ""Body Surfing""}"
pat-fraher,auto,Pat Fraher,link-text,26,25th season,University of Minnesota ’97,,"January 13, 1974 (St. Paul, Minn.)",https://www.nbra.net/nba-officials/referee-biographies/pat-fraher/,https://www.nbra.net/wp-content/uploads/2016/05/20220919_RPSM_SFR_0497-e1667419751900.jpg,"{""resides"": ""Eagan, Minn."", ""high school"": ""Hastings (Hastings, Minn.)"", ""favorite tv show"": ""Game of Thrones"", ""favorite movie"": ""Caddyshack"", ""favorite musician"": ""Billy Joel"", ""favorite book"": ""Be a Man"", ""favorite meal"": ""BBQ"", ""favorite app"": ""NBA (of course!)"", ""would most like to visit"": ""Italy"", ""bucket list"": ""Play golf at Augusta National and Pebble Beach"", ""hidden talent"": ""Sleeping anywhere""}"
jacyn-goble,auto,Jacyn Goble,link-text,68,8th season,Miami Dade Community College; Florida International University,,"February 22, 1981 (Miami, Fla.)",https://www.nbra.net/nba-officials/referee-biographies/jacyn-goble/,https://www.nbra.net/wp-content/uploads/2017/10/20220919_RPSM_SFR_0539-e1667420025196.jpg,"{""resides"": ""Miami, Fla."", ""high school"": ""Coral Park Senior (Miami, Fla.)"", ""favorite tv show"": ""Power"", ""favorite movie"": ""The Godfather"", ""favorite musician"": ""Marc Anthony"", ""favorite book"": ""Pirates in Blue"", ""favorite meal"": ""Veal Parmigiana"", ""favorite app"": ""Netflix"", ""would most like to visit"": ""Tahiti"", ""bucket list"": ""Roll own cigar in Cuba""}"
john-goble,auto,John Goble,link-text,10,17th season,Florida International University '01,,"November 25, 1978 (Miami, Fla.)",https://www.nbra.net/nba-officials/referee-biographies/john-goble/,https://www.nbra.net/wp-content/uploads/2016/05/20220919_RPSM_SFR_0287-e1667320834644.jpg,"{""resides"": ""Miami, Fla."", ""high school"": ""Miami Senior (Miami, Fla.)"", ""favorite movie"": ""The Godfather"", ""favorite musician"": ""Enjoys hip-hop, salsa and reggae ton music"", ""favorite meal"": ""Skirt Steak, Black Beans and Rice, and Fried Plantains"", ""favorite app"": ""Amazon"", ""would most like to visit"": ""Austrailia"", ""hidden talent"": ""Cuban Coffee Barista""}"
jason-goldenberg,auto,Jason Goldenberg,link-text,35,7th season,University of Georgia '07,,"November 14, 1984 (Atlanta, Ga.)",https://www.nbra.net/nba-officials/referee-biographies/jason-goldenberg/,https://www.nbra.net/wp-content/uploads/2017/10/20220919_RPSM_SFR_0551-e1667420201799.jpg,"{""resides"": ""Atlanta, Ga."", ""high school"": ""Milton (Alpharetta, GA)"", ""favorite tv show"": ""Curb Your Enthusiasm"", ""favorite movie"": ""Tommy Boy"", ""favorite musician"": ""Red Hot Chili Peppers"", ""favorite book"": ""Ego Is the Enemy"", ""favorite meal"": ""Chicken Parmesan"", ""favorite app"": ""NBA"", ""would most like to visit"": ""Australia"", ""bucket list"": ""Sail around world in mega yacht""}"
nate-green,auto,Nate Green,link-text,65,5th season,Indiana State '05; MBA at Indiana State '12,,"December 2, 1977 (Des Moine, Iowa)",https://www.nbra.net/nba-officials/referee-biographies/nate-green/,https://www.nbra.net/wp-content/uploads/2019/10/20220919_RPSM_SFR_0231-e1667320033394.jpg,"{""resides"": ""Terre Haute, Ind."", ""high school"": ""Theodore Roosevelt (Des Moines, Iowa)"", ""favorite tv show"": ""The Wire"", ""favorite movie"": ""Coming to America"", ""favorite musician"": ""Syleena Johnson"", ""favorite book"": ""Lone Survivor"", ""favorite meal"": ""Tagliatelle Bolognese"", ""favorite app"": ""Netflix"", ""would most like to visit"": ""Africa""}"
david-guthrie,auto,David Guthrie,link-text,16,19th season,North Carolina State ’99,,"May 21, 1974 (Athens, Ga.)",https://www.nbra.net/nba-officials/referee-biographies/david-guthrie/,https://www.nbra.net/wp-content/uploads/2016/05/20220919_RPSM_SFR_0463-e1667419185961.jpg,"{""resides"": ""Charlotte, N.C."", ""high school"": ""W.A. Berry (Birmingham, Ala.)"", ""favorite tv show"": ""The West Wing"", ""favorite movie"": ""The Shawshank Redemption"", ""favorite musician"": ""The Eagles"", ""favorite book"": ""The Match"", ""favorite meal"": ""Steak, Whipped Potatoes, and Broccoli"", ""favorite app"": ""PGA Tour"", ""would most like to visit"": ""Hawaii"", ""bucket list"": ""Play golf at Augusta National and Cypress Point"", ""hidden talent"": ""Hitting Fungoes""}"
lauren-holtkamp,override,Lauren Holtkamp-Sterling,link-text,7,10th season,Drury University ‘03; M.S. at Drury '04 MDV from Emory University '10,,"November 24, 1980 (Jefferson City, Mo.)",https://www.nbra.net/nba-officials/referee-biographies/lauren-holtkamp/,https://www.nbra.net/wp-content/uploads/2016/05/20220919_RPSM_SFR_0129-e1667316602316.jpg,"{""resides"": ""Atlanta, Ga."", ""high school"": ""Jefferson City (Jefferson City, Mo.)"", ""favorite tv show"": ""Lovecraft Country"", ""favorite musician"": ""Florence and the Machine"", ""favorite book"": ""Needful Things"", ""favorite meal"": ""Breakfast"", ""favorite app"": ""Garmin Connect and Google"", ""would most like to visit"": ""Greece"", ""bucket list"": ""Travel Internationally"", ""hidden talent"": ""Mixed Media Art""}"
robert-hussey,auto,Robert Hussey,link-text,85,2nd season,University of Central Florida ’17,,"January 20, 1993 (Queens, N.Y.)",https://www.nbra.net/nba-officials/referee-biographies/robert-hussey/,https://www.nbra.net/wp-content/uploads/2022/10/20220919_RPSM_SFR_0350-e1666107490850.jpg,"{""resides"": ""Orlando, Fla."", ""hs"": ""Mount Dora Christian Academy (MountDora,Fla.)"", ""favorite tv show"": ""Chappelle’s Show"", ""favorite movie"": ""John Q and Marvel movies"", ""favorite musician"": ""J. Cole"", ""favorite book"": ""The Four Agreements"", ""favorite meal"": ""Ackee, yellow yam, green banana, dumplings and fried plantain"", ""favorite app"": ""ESPN"", ""would most like to visit"": ""Iceland""}"
intae-hwang,auto,Intae Hwang,link-text,96,1st Season,Busan University of Foreign Studies '06,,"August 10, 1979 (Masan, South Korea)",https://www.nbra.net/nba-officials/referee-biographies/intae-hwang/,https://www.nbra.net/wp-content/uploads/2023/10/Intae-Hwang-1.png,"{""high school"": ""Masan Joongang (Masan, South Korea)"", ""favorite movie"": ""Parasite"", ""favorite musician"": ""Yim Jae-beom"", ""favorite book"": ""Du bon usage de la lenteur"", ""favorite meal"": ""Korean BBQ"", ""favorite app"": ""NBA REPS""}"
simone-jelks,auto,Simone Jelks,link-text,81,4th Season,University of Southern California ’08 M.P.H. at Case Western Reserve University ’11 M.ED at Cleveland State University ’13,,"March 9, 1986 (Cleveland)",https://www.nbra.net/nba-officials/referee-biographies/simone-jelks/,https://www.nbra.net/wp-content/uploads/2021/03/Jelks-e1666711462561.jpg,"{""resides"": ""Cleveland, Ohio"", ""high school"": ""Charles F. Brush (Lyndhurst, Ohio)"", ""favorite tv show"": ""The Handmaid's Tale"", ""favorite movie"": ""Love & Basketball"", ""favorite musician"": ""Anita Baker"", ""favorite book"": ""The Bible"", ""favorite meal"": ""Collard Greens and Peach Cobbler"", ""favorite app"": ""Goodnotes"", ""would most like to visit"": ""Spain"", ""hidden talent"": ""Spoken Word Poetry""}"
matt-kallio,auto,Matt Kallio,link-text,88,2nd season,University of Alberta ’08,,"September 26, 1986 (Edmonton, Alberta, Canada)",https://www.nbra.net/nba-officials/referee-biographies/matt-kallio/,https://www.nbra.net/wp-content/uploads/2022/10/20220919_RPSM_SFR_0023-e1666106342272.jpg,"{""resides"": ""Calgary, Alberta, Canada"", ""hs"": ""M.E. LaZerte (Edmonton, Alberta, Canada)"", ""favorite tv show"": ""Game of Thrones"", ""favorite movie"": ""Good Will Hunting"", ""favorite musician"": ""Eric Clapton"", ""favorite book"": ""The Giver"", ""favorite meal"": ""Steak and asparagus"", ""favorite app"": ""TripIt"", ""would most like to visit"": ""Portugal"", ""bucket list"": ""Norwegian cruise""}"
bill-kennedy,auto,Bill Kennedy,link-text,55,26th season,Arizona State University,,"November 10, 1966 (Phoenix, Ariz.)",https://www.nbra.net/nba-officials/referee-biographies/bill-kennedy/,https://www.nbra.net/wp-content/uploads/2016/05/20220919_RPSM_SFR_0387-e1667418668562.jpg,"{""resides"": ""Phoenix, Ariz."", ""hs"": ""St. Mary’s (Phoenix, Ariz.)"", ""favorite musician"": ""Luther Vandross"", ""favorite meal"": ""Filet Mignon and a good bottle of red"", ""would most like to visit"": ""Jerusalem"", ""bucket list"": ""Egyptian Pyramids"", ""hidden talent"": ""Karaoke""}"
courtney-kirkland,auto,Courtney Kirkland,link-text,61,24th season,Southern University ’99,,"Oct. 22, 1974 (Flint, Mich.)",https://www.nbra.net/nba-officials/referee-biographies/courtney-kirkland/,https://www.nbra.net/wp-content/uploads/2016/05/20220919_RPSM_SFR_0456-e1667419088499.jpg,"{""resides"": ""Atlanta, Ga."", ""hs"": ""Flint Northwestern (Flint, Mich.)"", ""favorite tv show"": ""Billions"", ""favorite movie"": ""The Matrix"", ""favorite book"": ""Total Money Makeover"", ""favorite app"": ""NBA""}"
marat-kogut,auto,Marat Kogut,link-text,32,15th season,"St. John’s University (Jamaica, N.Y.) ‘08",,"August 5, 1979 (Kiev, Ukraine)",https://www.nbra.net/nba-officials/referee-biographies/marat-kogut/,https://www.nbra.net/wp-content/uploads/2016/05/20220919_RPSM_SFR_0081-e1667315941706.jpg,"{""resides"": ""Woodmere, N.Y."", ""high school"": ""FDR (Brooklyn, N.Y.)"", ""favorite tv show"": ""Family Guy"", ""favorite movie"": ""Catch Me if You Can"", ""favorite musician"": ""Billy Joel"", ""favorite book"": ""Tuesdays with Morrie"", ""favorite meal"": ""Sushi"", ""favorite app"": ""Amazon"", ""would most like to visit"": ""Japan"", ""hidden talent"": ""Magician""}"
karl-lane,auto,Karl Lane,link-text,77,13th seasons,Philander Smith College,,"February 26, 1975 (Little Rock, Ark.)",https://www.nbra.net/nba-officials/referee-biographies/karl-lane/,https://www.nbra.net/wp-content/uploads/2016/05/20220919_RPSM_SFR_0405-e1667418757213.jpg,"{""resides"": ""Little Rock, Ark."", ""high school"": ""Glendbard East (Lombard, Ill.)"", ""favorite tv show"": ""Power"", ""favorite movie"": ""Star Wars Movies"", ""favorite musician"": ""Jay-Z"", ""favorite books"": ""Star Wars Books"", ""favorite meal"": ""Mexican"", ""favorite app"": ""Candy Crush"", ""would most like to visit"": ""Rome"", ""bucket list"": ""See seven wonders of the world"", ""hidden talent"": ""Home Repair""}"
mark-lindsay,auto,Mark Lindsay,link-text,29,17th season,West Chester University ‘99,,"August 21, 1977 (Drexel Hill, Pa.)",https://www.nbra.net/nba-officials/referee-biographies/mark-lindsay/,https://www.nbra.net/wp-content/uploads/2016/05/20220919_RPSM_SFR_0418-e1667418914349.jpg,"{""resides"": ""Phoenixville, Pa."", ""hs"": ""Malvern Prep (Malvern, Pa.)"", ""favorite tv show"": ""Family Guy"", ""favorite movie"": ""The Shawshank Redemption"", ""favorite musician"": ""Dave Matthews"", ""favorite book"": ""Can't Hurt Me"", ""favorite app"": ""Apple Podcasts"", ""would most like to visit"": ""Rome"", ""bucket list"": ""Family trip to Italy"", ""hidden talent"": ""Spelling""}"
tre-maddox,auto,Tre Maddox,link-text,23,13th season,Dakota State University,,"October 7, 1967 (Great Lakes, Ill.)",https://www.nbra.net/nba-officials/referee-biographies/tre-maddox/,https://www.nbra.net/wp-content/uploads/2016/05/20220919_RPSM_SFR_0011-e1667314844212.jpg,"{""resides"": ""Las Vegas, Nev."", ""high school"": ""Wyandotte (Kansas City, Kan.)"", ""favorite tv show"": ""Power"", ""favorite movie"": ""Training Day"", ""favorite musician"": ""Michael Jackson"", ""favorite book"": ""Quiet Strength"", ""favorite meal"": ""Steak and Lobster"", ""favorite app"": ""Fight List"", ""would most like to visit"": ""Dubai"", ""bucket list"": ""Attend The Open Championship"", ""hidden talent"": ""Play the Piano""}"
ed-malloy,auto,Ed Malloy,link-text,14,22nd season,Thomas Jefferson University ’93,,"March 17, 1971 (Media, Pa.)",https://www.nbra.net/nba-officials/referee-biographies/ed-malloy/,https://www.nbra.net/wp-content/uploads/2016/05/20220919_RPSM_SFR_0647-e1667421652482.jpg,"{""resides"": ""Aston, Pa."", ""hs"": ""Cardinal O’Hara (Springfield, Pa.)"", ""favorite tv shows"": ""Jeopardy!"", ""favorite movie"": ""Braveheart"", ""favorite musician"": ""U2"", ""favorite book"": ""Tom Clancy Novels"", ""favorite meal"": ""Pasta"", ""favorite app"": ""Google Maps"", ""would most like to visit"": ""Sorrento, Italy""}"
suyash-mehta,auto,Suyash Mehta,link-text,82,4th Season,University of Maryland '13,,"July 15, 1991 (Baltimore, Md.)",https://www.nbra.net/nba-officials/referee-biographies/suyash-mehta/,https://www.nbra.net/wp-content/uploads/2021/03/20220919_RPSM_SFR_0148-e1666711182110.jpg,"{""resides"": ""Ellicott City, Md"", ""high school"": ""Centennial (Ellicott, Md.)"", ""favorite tv show"": ""The Office"", ""favorite movie"": ""Slumdog Millionaire"", ""favorite musician"": ""Bob Seger"", ""favorite book"": ""The Alchemist"", ""favorite meal"": ""Butter Chicken with Garlic Naan"", ""favorite app"": ""Spotify"", ""would most like to visit"": ""South Africa"", ""bucket list"": ""Climb Mount Kilimanjaro"", ""hidden talent"": ""Badminton""}"
sharae-mitchell,auto,Sharae Mitchell,url-slug-GUESS,,1st Season,UC Santa Barbara '09,,"November 12, 1985 (Provo, Utah)",https://www.nbra.net/nba-officials/referee-biographies/sharae-mitchell/,https://www.nbra.net/wp-content/uploads/2023/10/ShaRae-Mitchell-1.png,"{""high school"": ""Valley (Sacramento, Calif.)"", ""favorite tv show"": ""Law & Order: SVU"", ""favorite movie"": ""Pretty Woman"", ""favorite musician"": ""Beyonce"", ""favorite book"": ""Conversations with God (1-3)"", ""favorite meal"": ""Caesar Salad"", ""favorite app"": ""ESPN and Spotify"", ""most like to visit"": ""Africa"", ""bucket list"": ""Get my PhD"", ""hidden talent"": ""Breakdancing""}"
dannica-baroody,override,Dannica Mosher,link-text,89,2nd season,University of Central Florida ’15 and ’18,,"February 25, 1993 (Freeport, Fla.)",https://www.nbra.net/nba-officials/referee-biographies/dannica-mosher/,https://www.nbra.net/wp-content/uploads/2022/10/20220919_RPSM_SFR_0016-e1666107401925.jpg,"{""resides"": ""Orlando, Fla."", ""hs"": ""Freeport (Freeport, Fla.)"", ""favorite tv show"": ""Friends and Ridiculousness"", ""favorite movie"": ""Willy Wonka & the Chocolate Factory"", ""favorite musician"": ""Justin Timberlake"", ""favorite book"": ""Lying with Strangers"", ""favorite meal"": ""Oxtail"", ""favorite app"": ""Yelp"", ""would most like to visit"": ""Thailand"", ""bucket list"": ""Own a cat cafe""}"
rodney-mott,auto,Rodney Mott,link-text,71,26th season,San Diego State ’86,,"September 3, 1957 (New Albany, Ind.)",https://www.nbra.net/nba-officials/referee-biographies/rodney-mott/,https://www.nbra.net/wp-content/uploads/2016/05/20220919_RPSM_SFR_0592-e1667421368232.jpg,"{""resides"": ""Las Vegas, Nev."", ""high school"": ""Bishop Turner (Buffalo, N.Y.)"", ""favorite tv show"": ""Black-ish"", ""favorite movie"": ""The Shawshank Redemption"", ""favorite musician"": ""Stevie Wonder"", ""favorite book"": ""World Without Cancer"", ""favorite meal"": ""Vegetable Stir Fry"", ""favorite app"": ""eBay"", ""would most like to visit"": ""Jerusalem"", ""hidden talent"": ""Interior Design""}"
ashley-moyer-gleich,auto,Ashley Moyer-Gleich,link-text,13,6th season,Millersville University '10,,"August 5, 1987 (Lebanon, Pa.)",https://www.nbra.net/nba-officials/referee-biographies/ashley-moyer-gleich/,https://www.nbra.net/wp-content/uploads/2018/11/20220919_RPSM_SFR_0068-e1667315776924.jpg,"{""resides"": ""Camp Hill, Pa."", ""high school"": ""Cedar Crest (Lebanon, Pa.)"", ""favorite tv show"": ""Grey's Anatomy"", ""favorite movie"": ""Face/Off"", ""favorite musician"": ""Michael Jackson"", ""favorite book"": ""Charlotte's Web"", ""favorite meal"": ""Spanish Food"", ""favorite app"": ""Yelp"", ""would most like to visit"": ""Africa"", ""bucket list"": ""See seven wonders of the world"", ""hidden talent"": ""Double Dutch""}"
matt-myers,auto,Matt Myers,link-text,43,6th season,Hampton University '06,,"October 6, 1983 (St. Louis, Mo.)",https://www.nbra.net/nba-officials/referee-biographies/matt-myers/,https://www.nbra.net/wp-content/uploads/2018/12/20220919_RPSM_SFR_0043-e1667315422221.jpg,"{""resides"": ""Washington, D.C."", ""high school"": ""Jefferson City (Jefferson City, Mo.)"", ""favorite tv show"": ""The Wire"", ""favorite movie"": ""The Shawshank Redemption"", ""favorite musician"": ""Jay-Z"", ""favorite book"": ""A Promised Land"", ""favorite meal"": ""Buffalo Wings"", ""favorite app"": ""Words with Friends"", ""would most like to visit"": ""Bora Bora"", ""bucket list"": ""Attend The Masters"", ""hidden talent"": ""Golf""}"
andy-nagy,auto,Andy Nagy,link-text,83,4th Season,Owens Community College '16,,"July 16, 1991 (Toldeo, Ohio)",https://www.nbra.net/nba-officials/referee-biographies/andy-nagy/,https://www.nbra.net/wp-content/uploads/2021/03/20220919_RPSM_SFR_0055-e1667315580293.jpg,"{""resides"": ""Sylvania, Ohio"", ""high school"": ""St. Francis de Sales (Toldeo, Ohio)"", ""favorite tv show"": ""The Equalizer and Seinfeld"", ""favorite musician"": ""ZZ Top"", ""favorite meat"": ""Filet Mignon"", ""favorite app"": ""Amazon"", ""would most like to visit"": ""Maldives"", ""bucket list"": ""To get a hole-in-one"", ""hidden talent"": ""Barbecue Expert""}"
brett-nansel,auto,Brett Nansel,link-text,44,8th season,North Dakota State '01,,"June 10, 1977 (Miles City, Mont.)",https://www.nbra.net/nba-officials/referee-biographies/brett-nansel/,https://www.nbra.net/wp-content/uploads/2016/10/20220919_RPSM_SFR_0184-e1667319696627.jpg,"{""reside"": ""Bozeman, Mont."", ""high school"": ""Custer County District (Miles City, Mont.)"", ""favorite tv show"": ""Anything on Outdoor Channels"", ""favorite movie"": ""Top Gun"", ""favorite musician"": ""Alan Jackson"", ""favorite book"": ""Wooden"", ""favorite meal"": ""Barbecue Ribeye Steak"", ""favorite app"": ""NFHS Network"", ""would most like to visit"": ""Australia"", ""bucket list"": ""Catch a grander (1,000-pound marlin)"", ""hidden talent"": ""Tenor Saxophone""}"
j-t-orr,auto,J.T. Orr,link-text,72,13th season,"Mt. San Antonio College (Walnut, Calif.)",,"October 20, 1973 (Pomona, Calif.)",https://www.nbra.net/nba-officials/referee-biographies/j-t-orr/,https://www.nbra.net/wp-content/uploads/2019/10/Orr-e1571414050654.jpg,"{""resides"": ""LaVerne, Calif."", ""high school"": ""Bonita (LaVerne, Calif.); Glendora (Glendora, Calif.)"", ""favorite tv show"": ""Yellowstone"", ""favorite movie"": ""White Men Can't Jump"", ""favorite musician"": ""Pearl Jam"", ""favorite book"": ""Sully"", ""favorite meal"": ""Biscuits and Gravy"", ""favorite app"": ""Boggle"", ""would most like to visit"": ""Greece"", ""bucket list"": ""Visit every national park"", ""hidden talent"": ""Impressionist painting""}"
gediminas-petraitis,auto,Gediminas Petraitis,link-text,50,9th season,University of Maryland '11,,"February 5, 1989 (Kaunas, Lithuania)",https://www.nbra.net/nba-officials/referee-biographies/gediminas-petraitis/,https://www.nbra.net/wp-content/uploads/2016/10/20220919_RPSM_SFR_0526-e1667419969744.jpg,"{""resides"": ""Kensington, Md."", ""high school"": ""Northwest (Germantown, MD)"", ""favorite tv show"": ""Narcos"", ""favorite movie"": ""Coming to America"", ""favorite musician"": ""Swedish House Mafia"", ""favorite book"": ""The Great Gatsby"", ""favorite meal"": ""Cepelinai"", ""favorite app"": ""Peloton"", ""would most like to visit"": ""Iceland"", ""bucket list"": ""Cycling in French Alps"", ""hidden talent"": ""Ballroom Dancing""}"
jd-ralls,auto,JD Ralls,link-text,94,,,,,https://www.nbra.net/nba-officials/referee-biographies/jd-ralls/,https://www.nbra.net/wp-content/uploads/2025/04/IMG_3673-scaled-e1743536088207.jpeg,"{""favorite tv show"": ""Power"", ""favorite movie"": ""The Forge"", ""favorite musician"": ""Anthony Hamilton"", ""favorite book"": ""Die with Zero"", ""favorite meal"": ""Shrimp Pasta"", ""favorite app"": ""Bible"", ""most like to visit"": ""Maldives"", ""hidden talent"": ""Sign language""}"
phenizee-ransom,auto,Phenizee Ransom,link-text,70,6ht season,University of Georgia '98,,"December 9, 1974 (Atlanta, Ga.)",https://www.nbra.net/nba-officials/referee-biographies/phenizee-ransom/,https://www.nbra.net/wp-content/uploads/2018/12/20220919_RPSM_SFR_0028-e1667315286798.jpg,"{""resides"": ""East Point, Ga."", ""high school"": ""Woodward Academy (College Park, Ga.)"", ""favorite tv show"": ""Jalen & Jacoby"", ""favorite movie"": ""Enter the Dragon"", ""favorite musician"": ""The Foreign Exchange"", ""favorite book"": ""The Tao of Abundance"", ""favorite meal"": ""Hibachi Chicken and Shrimp"", ""favorite app"": ""Shazam"", ""would most like to visit"": ""Cairo"", ""bucket list"": ""Learn to play the piano"", ""hidden talent"": ""Public Speaking""}"
derek-richardson,auto,Derek Richardson,link-text,63,27th season,Los Angeles Dominguez Hills ’91,,"February 3, 1962 (Brooklyn, N.Y.)",https://www.nbra.net/nba-officials/referee-biographies/derek-richardson/,https://www.nbra.net/wp-content/uploads/2016/05/20220919_RPSM_SFR_0638-e1667421575177.jpg,"{""resides"": ""Los Angeles, Calif."", ""high school"": ""R.B. Stall (Charleston, S.C.)"", ""favorite tv show"": ""Abbott Elementary"", ""favorite movie"": ""Field of Dreams"", ""favorite musician"": ""Roy Ayers and Marvin Gay"", ""favorite book"": ""Post Traumatic Slave Syndrome"", ""favorite meal"": ""Plankton, Rice & Beans, and Steamed Cabbage"", ""favorite app"": ""SoundHound"", ""would most like to visit"": ""Jerusalem and Sierra Leone""}"
tyler-ricks,auto,Tyler Ricks,link-text,95,,,,,https://www.nbra.net/nba-officials/referee-biographies/tyler-ricks/,https://www.nbra.net/wp-content/uploads/2025/04/IMG_3674-scaled-e1743537392943.jpeg,"{""favorite tv show"": ""The Office"", ""favorite music"": ""Wedding Crashers"", ""favorite musician"": ""Lily Rose"", ""favorite book"": ""James Patterson books"", ""favorite meal"": ""Seafood"", ""favorite apps"": ""ESPN"", ""most like to visit"": ""Japan"", ""bucket list"": ""Take a cooking class in Italy with wife""}"
jenna-schroeder,auto,Jenna Schroeder,link-text,84,5th season,Saginaw Valley State University '09,,"September 27, 1985 (Flint, Mich.)",https://www.nbra.net/nba-officials/referee-biographies/jenna-schroeder/,https://www.nbra.net/wp-content/uploads/2019/10/20220919_RPSM_SFR_0333-e1667417002134.jpg,"{""resides"": ""Detroit, Mich."", ""high school"": ""Clio (Clio, Mich.)"", ""favorite tv show"": ""30 Rock"", ""favorite movie"": ""Dirty Dancing"", ""favorite musician"": ""Bob Seger"", ""would most like to visit"": ""Australia"", ""bucket list"": ""See Billy Joel, Eric Clapton and The Rolling Stones in concert""}"
natalie-sago,auto,Natalie Sago,link-text,9,6th season,University of Missouri-St. Louis '13,,"May 24, 1989 (St. Louis, Mo.)",https://www.nbra.net/nba-officials/referee-biographies/natalie-sago/,https://www.nbra.net/wp-content/uploads/2018/12/20220919_RPSM_SFR_0004-e1667421731157.jpg,"{""resides"": ""Farmington, Mo."", ""high school"": ""Farmington (Farmington, Mo.)"", ""favorite tv show"": ""I (Almost) Got Away With It"", ""favorite movie"": ""Home Alone"", ""favorite musician"": ""P!nk"", ""favorite book"": ""Legacy and the Queen"", ""favorite meal"": ""Pizza"", ""favorite app"": ""Instagram"", ""would most like to visit"": ""Fiji"", ""bucket list"": ""Watch a game in all 30 MLB stadiums (more than halfway there)"", ""hidden talent"": ""Juggling""}"
brandon-schwab,auto,Brandon Schwab,link-text,86,,Central Florida '15,,"October 14, 1992 (Orlando, Fla.)",https://www.nbra.net/nba-officials/referee-biographies/brandon-schwab/,https://www.nbra.net/wp-content/uploads/2022/04/20220919_RPSM_SFR_0048-e1667315495761.jpg,"{""mba experience"": ""3rd Season"", ""resides"": ""Orlando, Fla."", ""high school"": ""West Orange (Winter Garden, Fla.)"", ""favorite tv show"": ""Community"", ""favorite movie"": ""The Matrix"", ""favorite book"": ""Man's Search For Meaning"", ""favorite meal"": ""Panang curry and mango with sticky rice"", ""would most like to visit"": ""Machu Picchu"", ""favorite app"": ""Apple Podcasts""}"
danielle-scott,auto,Danielle Scott,link-text,87,3rd  Season,California State University Northridge,,,https://www.nbra.net/nba-officials/referee-biographies/danielle-scott/,https://www.nbra.net/wp-content/uploads/2022/03/20220919_RPSM_SFR_0195-e1667319769639.jpg,"{""birthday"": ""June 27, 1991"", ""resides"": ""Valley Village, CA"", ""high school"": ""John Burroughs"", ""favorite tv show"": ""Fresh Prince of Bel-Air"", ""favorite movie"": ""Love & Basketball"", ""favorite book"": ""Unlearn"", ""favorite meal"": ""Fettucini Alfredo"", ""favorite app"": ""Pinterest"", ""would most like to visit"": ""Santorini"", ""bucket list"": ""Learn sign language"", ""hidden talent"": ""Photography""}"
evan-scott,auto,Evan Scott,link-text,78,5th Season,Radford University '14,,"May 22, 1992 (Taejon, South Korea)",https://www.nbra.net/nba-officials/referee-biographies/evan-scott/,https://www.nbra.net/wp-content/uploads/2019/10/20220919_RPSM_SFR_0215-e1667319858221.jpg,"{""resides"": ""Richmond, Va."", ""high school"": ""Thomas A. Edison (Alexandria, Va.)"", ""favorite tv show"": ""SportsCenter"", ""favorite movie"": ""Inception"", ""favorite musician"": ""Prince"", ""favorite book"": ""Stalling for Time"", ""favorite meal"": ""Steak and Asparagus"", ""favorite app"": ""FaceTime"", ""would most like to visit"": ""Amalfi Coast""}"
kevin-scott,auto,Kevin Scott,link-text,24,13th season,Georgia Southern University BS ‘00 & MS ‘02,,"April 24, 1978 (Oconee County, S.C.)",https://www.nbra.net/nba-officials/referee-biographies/kevin-scott/,https://www.nbra.net/wp-content/uploads/2016/05/20220919_RPSM_SFR_0616-e1667421477960.jpg,"{""resides"": ""Flowery Branch, Ga."", ""high school"": ""Stephens County (Toccoa, Ga.)"", ""favorite tv show"": ""48 Hours"", ""favorite movie"": ""The Shawshank Redemption"", ""favorite musician"": ""Eric Church"", ""favorite book"": ""Friday Night Lights"", ""favorite meal"": ""Cheese Pizza"", ""favorite app"": ""The Weather Channel"", ""would most like to visit"": ""Great Barrier Reef"", ""bucket list"": ""African Safari"", ""hidden talent"": ""Facial Recognition""}"
aaron-smith,auto,Aaron Smith,link-text,51,8th season,West Chester University '10,,"September 11, 1987",https://www.nbra.net/nba-officials/referee-biographies/aaron-smith/,https://www.nbra.net/wp-content/uploads/2016/10/20220919_RPSM_SFR_0269-e1667320695444.jpg,"{""resides"": ""Philadelphia, PA"", ""high school"": ""West Chester East (West Chester, Pa.)"", ""favorite tv show"": ""Homeland"", ""favorite movie"": ""The Shawshank Redemption"", ""favorite musician"": ""John Legend"", ""favorite book"": ""Unbroken"", ""favorite meal"": ""Any breakfast meal"", ""favorite app"": ""Twitter"", ""would most like to visit"": ""Africa"", ""bucket list"": ""Travel to all 50 states""}"
michael-smith,auto,Michael Smith,link-text,38,31st season,,,"February, 5 1955 (Memphis, Tenn.)",https://www.nbra.net/nba-officials/referee-biographies/michael-smith/,https://www.nbra.net/wp-content/uploads/2016/05/20220919_RPSM_SFR_0103-e1667316140329.jpg,"{""resides"": ""Memphis, Tenn."", ""high school"": ""South Side (Memphis, Tenn.)"", ""favorite tv show"": ""NCIS: New Orleans"", ""favorite movie"": ""Training Day"", ""favorite musician"": ""Charlie Wilson"", ""favorite book"": ""The President Is Missing"", ""favorite meal"": ""Dinner"", ""favorite app"": ""ESPN"", ""would most like to visit"": ""White House"", ""bucket list"": ""Sky Diving""}"
jonathan-sterling,auto,Jonathan Sterling,link-text,17,7th season,Flagler College '06,,"April 16, 1982 (Hampton, Va.)",https://www.nbra.net/nba-officials/referee-biographies/jonathan-sterling/,https://www.nbra.net/wp-content/uploads/2017/10/20220919_RPSM_SFR_0305-e1667416782338.jpg,"{""resides"": ""Tampa, FL"", ""high school"": ""Satellite Beach High (Satellite Beach, FL)"", ""favorite tv show"": ""Chapelle Show and Brother vs. Brother"", ""favorite movie"": ""Coming to America"", ""favorite musician"": ""Drake"", ""favorite app"": ""Maps"", ""would most like to visit"": ""Australia"", ""bucket list"": ""Dive with sharks"", ""hidden talents"": ""Break Dancing""}"
ben-taylor,auto,Ben Taylor,link-text,46,11th season,Middle Tennessee State Univ. ‘09,,"October 7, 1985 (Murfreesboro, Tenn.)",https://www.nbra.net/nba-officials/referee-biographies/ben-taylor/,https://www.nbra.net/wp-content/uploads/2016/05/20220919_RPSM_SFR_0473-e1667419393627.jpg,"{""resides"": ""Orlando, Fla."", ""high school"": ""Cannon County HS (Woodbury, Tenn.)"", ""favorite tv show"": ""The West Wing"", ""favorite movie"": ""Field of Dreams"", ""favorite musician"": ""Brian McKnight"", ""favorite book"": ""Mitch Rapp Series"", ""favorite meal"": ""Cheeseburger and Tater Tots"", ""favorite app"": ""TripIt"", ""would most like to visit"": ""Scotland"", ""bucket list"": ""Play golf at Augusta National"", ""hidden talent"": ""Dancing""}"
dedric-taylor,auto,Dedric Taylor,link-text,21,10th season,Florida International University,,"November 14, 1975 (Miami, Fla.)",https://www.nbra.net/nba-officials/referee-biographies/dedric-taylor/,https://www.nbra.net/wp-content/uploads/2016/05/20220919_RPSM_SFR_0308-e1667416885966.jpg,"{""resides"": ""Miami, Fla."", ""high school"": ""North Miami Beach (Miami, Fla.)"", ""favorite tv show"": ""Good Times"", ""favorite movie"": ""Crash"", ""favorite musician"": ""Michael Jackson"", ""favorite book"": ""Tears We Cannot Stop"", ""favorite meal"": ""Breakfast"", ""favorite app"": ""Candy Crush"", ""would most like to visit"": ""Africa"", ""bucket list"": ""Sky Diving"", ""hidden talent"": ""Play the trumpet and juggling""}"
josh-tiven,auto,Josh Tiven,link-text,58,14th season,,,"March 12, 1978 (Norwich, Conn.)",https://www.nbra.net/nba-officials/referee-biographies/joshua-tiven/,https://www.nbra.net/wp-content/uploads/2016/05/20220919_RPSM_SFR_0319-e1667416935587.jpg,"{""resides"": ""Waterford, Conn."", ""high school"": ""Ledyard HS (Ledyard, Conn.)"", ""favorite tv show"": ""Seinfeld"", ""favorite movie"": ""Minority Report"", ""favorite musician"": ""Dermot Kennedy"", ""favorite book"": ""Firstborn (novel written by his father, Bruce)"", ""favorite meal"": ""Lasagna"", ""favorite app"": ""Instagram"", ""would most like to travel"": ""Hawaii"", ""bucket list"": ""Play golf at Augusta National"", ""hidden talent"": ""Yo-Yo expert""}"
scott-twardoski,auto,Scott Twardoski,link-text,52,13th season,"Linfield College (McMinnville, Ore.); City University (Renton, Wash.)",,"March 6, 1973 (Enumclaw, WA)",https://www.nbra.net/nba-officials/referee-biographies/scott-twardoski/,https://www.nbra.net/wp-content/uploads/2016/05/20220919_RPSM_SFR_0251-e1667320181321.jpg,"{""resides"": ""Peoria, Ariz."", ""high school"": ""Highland (Cowiche, Wash.)"", ""favorite tv show"": ""M*A*S*H"", ""favorite book"": ""Core 52"", ""favorite meal"": ""Steak and Mushrooms"", ""favorite app"": ""Pinochle"", ""would most like to visit"": ""Norway"", ""bucket list"": ""Photograph hot air balloon festivals around the world"", ""hidden talent"": ""Landscape and Astrophotography""}"
justin-van-duyne,auto,Justin Van Duyne,link-text,64,10th season,University of La Verne '05,,"November 8, 1981 (Arcadia, CA)",https://www.nbra.net/nba-officials/referee-biographies/justin-van-duyne/,https://www.nbra.net/wp-content/uploads/2016/05/20220919_RPSM_SFR_0344-e1667417174551.jpg,"{""resides"": ""LaVerne, CA"", ""hs"": ""Los Altos High (Hacienda Heights, CA)"", ""favorite tv show"": ""Entourage"", ""favorite movie"": ""The Bourne Movies"", ""favorite musician"": ""Jimmie Allen"", ""favorite book"": ""Moneyball"", ""favorite meal"": ""Filet Mignon"", ""favorite app"": ""The Chive"", ""would most like to visit"": ""Ireland"", ""bucket list"": ""Visit every baseball stadium""}"
scott-wall,auto,Scott Wall,link-text,31,29th season,Emporia State University,,"September 11, 1966 (Jacksonville, Ill.)",https://www.nbra.net/nba-officials/referee-biographies/scott-wall/,https://www.nbra.net/wp-content/uploads/2019/10/Wall-e1571415735293.jpg,"{""resides"": ""Merritt Island, Fla."", ""hs"": ""Shawnee Mission NW (Shawnee, Kan.)"", ""favorite tv show"": ""NCIS"", ""favorite movie"": ""James Bond 007 Movies"", ""favorite musician"": ""Tim McGraw"", ""favorite book"": ""Mitch Rapp Series"", ""favorite meal"": ""Pot Roast"", ""favorite app"": ""Angry Birds"", ""would most like to visit"": ""Rome"", ""bucket list"": ""Sky Dive""}"
cj-washington,auto,CJ Washington,link-text,12,,Southern University '02,,"September 20, 1979 (Baton Rouge, LA)",https://www.nbra.net/nba-officials/referee-biographies/cj-washington/,https://www.nbra.net/wp-content/uploads/2016/10/20220919_RPSM_SFR_0075-e1667315873728.jpg,"{""nbra experience"": ""8th season"", ""resides"": ""The Woodlands, TX"", ""hs"": ""Thibodaux High School (Thibodaux, LA)"", ""favorite tv show"": ""Godfather of Harlem"", ""favorite movie"": ""Life"", ""favorite musician"": ""Anthony Hamilton"", ""favorite book"": ""IXI Rise of the King"", ""favorite meal"": ""Lasagna"", ""would most like to visit"": ""Italy"", ""bucket list"": ""Attend a football game at Notre Dame Stadium""}"
james-williams,auto,James Williams,link-text,60,14th season,Purdue University ‘01,,"May 23, 1979 (Memphis, Tenn.)",https://www.nbra.net/nba-officials/referee-biographies/james-williams/,https://www.nbra.net/wp-content/uploads/2016/05/20220919_RPSM_SFR_0599-e1667421415140.jpg,"{""resides"": ""Chicago, Ill."", ""high school"": ""LaPorte HS (LaPorte, Ind.)"", ""favorite tv show"": ""Snowfall"", ""favorite movie"": ""The Shawshank Redmeption"", ""favorite book"": ""1619"", ""favorite meal"": ""Soul Food"", ""favorite app"": ""RefMasters"", ""would most like to visit"": ""Africa"", ""bucket list"": ""Becoming Mayor of Chicago"", ""hidden talent"": ""Throwing a baseball""}"
tom-washington,auto,Tom Washington,link-text,49,33rd season,Norfolk State University ’78,,"December 25, 1957 (Ft. Smith, Ark.)",https://www.nbra.net/nba-officials/referee-biographies/tom-washington/,https://www.nbra.net/wp-content/uploads/2016/05/20220919_RPSM_SFR_0492-e1667419598428.jpg,"{""resides"": ""Atlanta, Ga."", ""high school"": ""Central (Philadelphia, Pa.)"", ""favorite tv show"": ""Martin"", ""favorite movie"": ""Boomerang"", ""favorite musician"": ""Brian Culbertson and Stevie Wonder"", ""favorite book"": ""The Bible"", ""favorite meal"": ""Salmon""}"
leon-wood,auto,Leon Wood,link-text,40,28th season,Cal State Fullerton ’84,,"March 25, 1962 (Columbia, S.C.)",https://www.nbra.net/nba-officials/referee-biographies/leon-wood/,https://www.nbra.net/wp-content/uploads/2016/05/20220919_RPSM_SFR_0242-e1667320084458.jpg,"{""resides"": ""Queen Creek, Ariz."", ""high school"": ""St. Monica (Santa Monica, Calif.)"", ""favorite tv show"": ""Law & Order"", ""favorite movie"": ""Black Panther and The Equalizer 1 & 2"", ""favorite musician"": ""Hip-Hop Music"", ""favorite meal"": ""Steak"", ""favorite app"": ""Hulu"", ""would most like to visit"": ""Africa and Australia""}"
sean-wright,auto,Sean Wright,link-text,4,19th season,Spring Hill College ’93; MBA at University of Mobile ‘96,,"August 29, 1971 (New York, N.Y.)",https://www.nbra.net/nba-officials/referee-biographies/sean-wright/,https://www.nbra.net/wp-content/uploads/2016/05/20220919_RPSM_SFR_0481-e1667419497446.jpg,"{""resides"": ""Dacula, Ga."", ""high school"": ""W.P. Davidson (Mobile, Ala.)"", ""favorite tv show"": ""Law & Order"", ""favorite movie"": ""Love Jones"", ""favorite musician"": ""Michael Jackson"", ""favorite book"": ""Crime and Punishment"", ""favorite meal"": ""Roasted Chicken and Veggies"", ""favorite app"": ""Son's Football Team App"", ""would most like to visit"": ""Greece"", ""bucket list"": ""Fly a Plane"", ""hidden talent"": ""Chess""}"
zach-zarba,auto,Zach Zarba,link-text,15,21st season,SUNY New Paltz ’97,,"April 29, 1975 (New York)",https://www.nbra.net/nba-officials/referee-biographies/zach-zarba/,https://www.nbra.net/wp-content/uploads/2016/05/20220919_RPSM_SFR_0175-e1667319481212.jpg,"{""resides"": ""Brooklyn, N.Y."", ""high school"": ""Midwood (Brooklyn, N.Y.)"", ""favorite tv show"": ""The Wire"", ""favorite movie"": ""The Godfather"", ""favorite meal"": ""Shrimp Oreganata"", ""favorite app"": ""Twitter"", ""would most like to visit"": ""Italy"", ""hidden talent"": ""Cooking""}"
